ner,meddra,counts_exploded,counts,counts_exploded_rank
Drug,Lipitor,1081,1073,1
ADR,CONCEPT_LESS,1016,266,2
ADR,Severe_pain,722,247,3
ADR,Myalgia,619,305,4
ADR,Pain,292,260,5
ADR,Arthralgia,280,163,6
ADR,Muscle_weakness,238,82,7
ADR,Pain_in_lower_limb,229,107,8
ADR,Walking_disability,226,68,9
ADR,Pins_and_needles,219,100,10
ADR,Excessive_upper_gastrointestinal_gas,217,117,11
ADR,Muscle_cramp,213,137,12
Drug,CONCEPT_LESS,211,144,13
ADR,Weakness_of_limb,198,77,14
ADR,Cramp_in_lower_limb,198,85,14
ADR,Backache,193,105,16
ADR,Hip_pain,186,100,17
ADR,Fatigue,178,137,18
ADR,Shoulder_pain,178,85,18
ADR,Headache,162,115,20
ADR,Foot_pain,162,63,20
ADR,Asthenia,160,106,22
ADR,Neck_pain,151,78,23
ADR,Amnesia,148,73,24
ADR,Knee_pain,145,76,25
ADR,Stomach_ache,143,63,26
ADR,Poor_short-term_memory,140,32,27
ADR,Muscle_atrophy,130,52,28
ADR,Mentally_dull,127,37,29
ADR,Generalised_aches_and_pains,125,37,30
ADR,Depression,123,114,31
ADR,Memory_impairment,122,43,32
ADR,Loss_of_hair,118,52,33
Symptom,Pain,108,104,34
ADR,Influenza-like_illness,102,26,35
ADR,Low_back_pain,98,38,36
ADR,Muscle_fatigue,97,38,37
ADR,Unable_to_walk,97,28,37
ADR,Pain_in_calf,90,36,39
Finding,CONCEPT_LESS,89,34,40
ADR,Blurred_vision_-_hazy,85,37,41
ADR,Charleyhorse,85,35,41
ADR,Insomnia,82,66,43
ADR,Diarrhoea,81,75,44
ADR,Pain_in_upper_limb,81,39,44
ADR,Dizziness,80,66,46
ADR,Rash,80,27,46
ADR,Tired,77,38,48
ADR,Myopathy,75,29,49
ADR,Myalgia/myositis_-_lower_leg,74,33,50
ADR,Lightheadedness,73,22,51
ADR,Visual_disturbance,73,22,51
ADR,Unable_to_concentrate,71,23,53
ADR,Nausea,70,61,54
ADR,Unable_to_get_off_a_bed,70,11,54
Drug,Arthrotec,69,62,56
ADR,Upset_stomach,68,26,57
ADR,Difficulty_sleeping,68,26,57
ADR,Stomach_cramps,67,27,59
ADR,Loss_of_motivation,66,16,60
ADR,Reduced_libido,66,22,60
Drug,ubidecarenone,65,42,62
ADR,Cannot_sleep_at_all,64,22,63
ADR,Lack_of_energy,63,24,64
ADR,Chest_pain,62,34,65
ADR,Pain_provoked_by_movement,59,13,66
ADR,Ankle_pain,59,31,66
ADR,Burning_sensation,58,31,68
ADR,Numbness_of_lower_limb,57,13,69
ADR,Burning_feet,56,14,70
ADR,Dyspnoea,56,20,70
ADR,Impairment_of_balance,55,20,72
ADR,Muscle_twitch,53,27,73
ADR,Flushing,53,9,73
ADR,Weight_gain,51,21,76
Finding,Myocardial_infarction,51,25,76
ADR,Thigh_pain,51,21,76
ADR,Burning_pain,50,19,78
Drug,Zocor,48,48,79
ADR,Cramp_in_calf,48,16,79
ADR,Abdominal_pain,47,20,81
ADR,Tired_all_the_time,46,13,83
ADR,Cramp_in_foot,46,20,83
ADR,Menorrhagia,46,10,83
Drug,ascorbic_acid,45,22,85
ADR,Hand_pain,44,25,87
ADR,Paraesthesia_of_lower_extremity,44,17,87
ADR,Myalgia/myositis_-_shoulder,44,13,87
ADR,Constant_pain,42,17,90
ADR,Acid_reflux,42,13,90
Symptom,CONCEPT_LESS,42,15,90
ADR,Postmenopausal_bleeding,41,5,93
ADR,Numbness_of_hand,41,17,93
ADR,Excruciating_pain,41,17,93
ADR,Unable_to_think_clearly,39,14,96
ADR,Hypersomnia,39,10,96
ADR,Stiffness,39,25,96
ADR,Vaginal_bleeding,39,19,96
ADR,Pain_in_elbow,37,20,100
ADR,Sharp_pain,37,7,100
Disease,Myocardial_infarction,37,18,100
ADR,Bleeding,36,25,103
ADR,Malaise,36,15,103
ADR,Vertigo,36,25,103
ADR,Tinnitus,35,17,108
ADR,Mood_swings,35,18,108
ADR,Difficulty_walking_up_stairs,35,6,108
ADR,Tremor,35,20,108
ADR,Peripheral_neuropathy,35,16,108
ADR,Myalgia/myositis_-_forearm,35,15,108
ADR,Constipation,35,35,108
ADR,Bloating_symptom,35,34,108
ADR,Anxiety,34,34,114
ADR,Generalised_acute_body_pains,34,7,114
ADR,Itching,34,23,114
ADR,Unable_to_balance,33,10,117
ADR,Stiff_legs,33,16,117
ADR,Heavy_legs,33,11,117
ADR,Liver_enzymes_abnormal,33,10,117
ADR,Thoracic_back_pain,32,8,122
Disease,CONCEPT_LESS,32,17,122
Symptom,Knee_pain,32,16,122
ADR,Muscle_tension,32,12,122
Finding,Increased_cholesterol_esters,32,16,122
ADR,Bleeding_between_periods,31,3,127
ADR,Abdominal_colic,31,16,127
Drug,Pravachol,31,31,127
ADR,Dry_skin,31,10,127
ADR,Spasm_of_back_muscles,31,10,127
ADR,Myalgia/myositis_-pelvis/thigh,31,14,127
ADR,Foot_swelling,30,13,133
ADR,Flatulence/wind,30,20,133
ADR,Ringing_in_ear,30,6,133
ADR,Pain_in_toe,30,16,133
ADR,Unable_to_climb_stairs,30,7,133
ADR,Urinary_frequency,30,3,133
ADR,Impaired_exercise_tolerance,29,10,140
ADR,Uterine_spasm,29,11,140
ADR,Numbness,29,24,140
ADR,Unable_to_move_arm,29,4,140
ADR,Tight_chest,29,7,140
ADR,Sensation_of_hot_and_cold,29,3,140
Drug,Voltaren,29,27,140
Disease,Arthritis,28,27,146
ADR,Poor_concentration,28,12,146
ADR,Menstrual_cramp,28,14,146
ADR,Itching_of_skin,28,10,146
ADR,Intercostal_myalgia,28,3,146
ADR,Unable_to_walk_up_step,28,4,146
ADR,Paraesthesia_of_hand,27,12,151
ADR,Pulse_fast,27,6,151
ADR,Weakness_of_hand,27,6,151
Drug,omega-3-acid_ethyl_esters-90,27,10,151
ADR,Restless_legs,26,8,155
ADR,Numbness_of_toe,26,14,155
ADR,Generally_unwell,26,7,155
ADR,Pain_provoked_by_walking,26,8,155
ADR,Serum_creatinine_raised,25,13,160
ADR,Stabbing_pain,25,5,160
ADR,Exhaustion,25,19,160
ADR,Tachycardia,25,8,160
Disease,Parkinson's_disease,25,9,160
ADR,Finding_of_increased_blood_pressure,25,9,160
ADR,Haematuria,24,9,167
Disease,Heart_disease,24,12,167
ADR,Increased_venous_pressure,24,8,167
ADR,Spasm,24,13,167
ADR,Rupture_of_Achilles_tendon,24,4,167
Symptom,Arthralgia,24,11,167
ADR,Difficulty_breathing,24,10,167
ADR,Limitation_of_joint_movement,23,5,175
ADR,Aptyalism,23,10,175
Symptom,Severe_pain,23,11,175
ADR,Confusion,23,16,175
ADR,Pain_in_left_leg,23,6,175
ADR,Cramp_in_lower_leg,23,10,175
ADR,Arthritis_of_hand,23,3,175
ADR,Migraine,23,9,175
ADR,Feeling_irritable,23,19,175
ADR,Loss_of_appetite,23,9,175
Finding,Serum_cholesterol_raised,22,9,185
ADR,Initial_insomnia,22,4,185
ADR,Heel_pain,22,9,185
ADR,Myalgia/myositis_-_multiple,22,1,185
Drug,fish_oil_natural,22,9,185
Symptom,Hip_pain,22,8,185
ADR,Numbness_of_upper_limb,22,9,185
ADR,Stiff_neck,22,15,185
ADR,Reduced_mobility,22,6,185
ADR,Elbow_joint_pain,21,10,195
ADR,Haematochezia,21,5,195
ADR,Liver_disease,21,7,195
ADR,Arthralgia_of_the_lower_leg,21,14,195
ADR,Tiredness_symptom,21,21,195
ADR,Acute_pain,21,5,195
ADR,Plantar_fasciitis,21,5,195
Finding,Arthritis,21,21,195
ADR,Hand_cramps,21,12,195
ADR,Palpitations,21,13,195
ADR,Difficulty_getting_off_a_bed,21,4,195
ADR,Irregular_menstruation,20,4,208
ADR,Myalgia/myositis_-_upper_arm,20,6,208
ADR,Lack_of_stamina,20,9,208
ADR,Lack_of_libido,20,5,208
ADR,Muscle_rigidity,20,11,208
ADR,Loss_of_taste,20,6,208
Drug,Crestor,20,20,208
ADR,Random_blood_sugar_raised,20,7,208
ADR,Unable_to_eat,20,5,208
ADR,Spasmodic_movement,20,10,208
ADR,Incoordination,20,5,208
ADR,Paraesthesia_of_foot,20,6,208
Finding,Myalgia,20,13,208
ADR,"Flatulence,_eructation_and_gas_pain",20,10,208
ADR,Lower_abdominal_pain,20,4,208
ADR,Failure_to_lose_weight,19,2,219
Symptom,Reduced_mobility,19,2,219
ADR,Joint_stiffness,19,11,219
ADR,Shoulder_joint_pain,19,10,219
ADR,Drowsy,19,14,219
ADR,Numbness_of_foot,19,10,219
ADR,Knee_stiff,19,11,219
ADR,Abnormal_gait,19,3,219
ADR,Difficulty_swallowing,18,8,229
ADR,Tightness_in_throat,18,5,229
ADR,Heavy_feeling,18,4,229
ADR,Numbness_of_limbs,18,3,229
ADR,Hyperaesthesia,18,5,229
ADR,Derealisation,18,2,229
ADR,Weight_increased,18,6,229
ADR,Feeling_empty,18,4,229
ADR,Excessive_and_frequent_menstruation,18,2,229
ADR,Loss_of_interest,18,4,229
Disease,Bell's_palsy,18,5,229
ADR,Erythema_of_skin,18,4,229
ADR,Aphasia,17,4,240
ADR,Sensation_of_heaviness_in_limbs,17,4,240
ADR,Slurred_speech,17,8,240
Drug,ezetimibe,17,17,240
ADR,Swollen_ankle,17,11,240
ADR,Vomiting,17,15,240
ADR,Forgetful,17,10,240
ADR,Discolouration_of_skin,17,3,240
Finding,Liver_disease,17,11,240
ADR,Dry_eyes,17,8,240
ADR,Facial_swelling,16,6,249
ADR,Pain_in_finger,16,12,249
ADR,Parkinsonism,16,3,249
Drug,Tylenol,16,8,249
Symptom,Backache,16,9,249
ADR,Urinary_retention,16,5,249
ADR,Severe_depression,16,8,249
ADR,Impaired_mobility,16,3,249
Drug,fenofibrate,15,15,257
ADR,Deep_pain,15,2,257
ADR,Personality_change,15,3,257
ADR,Numbness_of_finger,15,6,257
ADR,Pain_in_left_arm,15,3,257
ADR,Limping,15,7,257
ADR,Weight_loss,15,6,257
ADR,Excessive_sweating,15,6,257
ADR,Neuropathy,14,10,269
ADR,Loose_stool,14,7,269
ADR,Swollen_legs,14,6,269
ADR,Body_fluid_retention,14,3,269
Finding,Muscle_weakness,14,3,269
ADR,Swollen_knee,14,7,269
ADR,Always_sleepy,14,2,269
ADR,Irritable_bowel_syndrome_characterised_by_constipation,14,1,269
ADR,Moody,14,11,269
ADR,Chill,14,7,269
Symptom,Walking_disability,14,6,269
Symptom,Low_back_pain,14,4,269
Finding,Severe_pain,14,4,269
Drug,simvastatin,14,14,269
Drug,ibuprofen,14,12,269
Disease,Serum_cholesterol_raised,14,6,269
ADR,Urine_looks_dark,13,6,286
ADR,Renal_pain,13,5,286
ADR,Panic_attack,13,6,286
ADR,Pain_in_wrist,13,8,286
Drug,Celebrex,13,12,286
Drug,alpha_tocopherol,13,6,286
ADR,Swelling_of_finger,13,6,286
ADR,Tenalgia,13,6,286
ADR,Musculoskeletal_chest_pain,13,4,286
ADR,Swelling,13,13,286
ADR,Cramp_in_limb,13,5,286
ADR,Cough,13,10,286
ADR,Calf_muscle_weakness,13,2,286
ADR,Dysphonia,13,9,286
Drug,cortisone,13,6,286
ADR,Blistering_rash,13,5,286
Finding,Non-smoker,13,4,286
ADR,Renal_impairment,12,4,305
ADR,Hand_joint_stiff,12,5,305
ADR,Renal_failure,12,7,305
ADR,Numbness_of_face,12,6,305
Symptom,Foot_pain,12,4,305
ADR,Indigestion,12,11,305
ADR,Heartburn,12,8,305
ADR,Increased_liver_function,12,4,305
ADR,Tendonitis,12,8,305
Symptom,Generalised_acute_body_pains,12,1,305
Finding,Peeling_of_skin,12,4,305
ADR,Nerve_injury,12,4,305
Disease,Diabetes_mellitus,12,12,305
ADR,Unable_to_find_words,12,2,305
Finding,Heart_disease,12,6,305
ADR,Arthropathy,12,3,305
ADR,Difficulty_chewing,12,1,305
ADR,Suicidal_thoughts,12,4,305
ADR,Difficulty_standing,12,2,305
ADR,Hoarse,12,4,305
ADR,Malignant_neoplasm_of_brain,12,3,305
ADR,Unable_to_stand,11,2,329
ADR,Impaired_cognition,11,4,329
ADR,Hypertension,11,6,329
ADR,Unable_to_move_leg,11,3,329
ADR,Bizarre_dreams,11,5,329
ADR,Hypertonia,11,4,329
Finding,Arthralgia,11,7,329
ADR,Unsteady_when_walking,11,3,329
ADR,Clicking_interphalangeal_joint_of_toe,11,2,329
ADR,Cold_sweat,11,4,329
ADR,Kidney_disease,11,6,329
Finding,Finding_of_increased_blood_pressure,11,4,329
ADR,Dependance_on_walking_stick,11,2,329
ADR,Muscle_strain,11,4,329
ADR,White_blood_cell_count_abnormal,11,2,329
ADR,Discomfort,11,4,329
ADR,Oedema_of_lower_extremity,11,2,329
Finding,Low_back_pain,11,6,329
ADR,Rib_pain,11,7,329
ADR,Feeling_unhappy,11,6,329
ADR,Abnormal_dreams,11,5,329
ADR,Haemorrhage_of_abdominal_cavity_structure,11,1,329
ADR,Steatosis_of_liver,11,4,329
Drug,diclofenac,11,11,329
ADR,Fine_motor_impairment,11,2,329
ADR,Achilles_tendonitis,11,5,329
ADR,Heavy_episode_of_vaginal_bleeding,11,3,329
Symptom,Serum_cholesterol_raised,11,2,329
ADR,Illness,10,10,355
ADR,Numbness_and_tingling_sensation_of_skin,10,4,355
Finding,Type_2_diabetes_mellitus,10,4,355
ADR,Ovarian_pain,10,2,355
ADR,Tingling_of_skin,10,6,355
ADR,Acenaesthesia,10,1,355
ADR,Urine:_dark/concentrated,10,3,355
ADR,Oedema_of_extremity,10,1,355
Finding,Serum_triglycerides_raised,10,4,355
Disease,Fibromyalgia,10,10,355
ADR,Unsteady_when_standing,10,1,355
ADR,Swollen_nasal_mucosa,10,3,355
ADR,Nasal_sinus_problem,10,5,355
Finding,Pain_in_lower_limb,10,5,355
Finding,Foot_pain,10,5,355
ADR,Weakness_of_back,10,6,355
ADR,Lethargy,10,9,355
ADR,"Abdominal_distension,_gaseous",10,2,355
ADR,Pain_radiating_to_lumbar_region_of_back,10,4,355
ADR,Neuropathy_of_lower_limb,10,3,355
ADR,Tendonitis_AND/OR_tenosynovitis_of_the_elbow_region,10,3,355
ADR,Feeling_tired,10,4,355
ADR,Unable_to_lift,10,3,355
ADR,Tightness_sensation,9,2,387
Symptom,Shoulder_pain,9,6,387
ADR,Ankle_oedema,9,6,387
Drug,Advil,9,9,387
ADR,Feeling_faint,9,1,387
ADR,Arthralgia_of_multiple_joints,9,4,387
ADR,Right_hemiparesis,9,1,387
Finding,Abdominal_hyperaesthesia,9,1,387
ADR,Large_breast,9,1,387
Finding,Myopathy,9,4,387
ADR,Abdominal_bloating,9,4,387
ADR,Joint_crepitus,9,2,387
ADR,Stiff_limbs,9,4,387
ADR,Delusional_disorder,9,9,387
ADR,Muscle_spasms_of_head_AND/OR_neck,9,3,387
ADR,Swelling_of_knee_joint,9,4,387
ADR,Disorientated,9,6,387
ADR,Difficulty_gripping,9,2,387
ADR,Difficulty_lifting,9,3,387
ADR,Difficulty_moving_arm,9,2,387
ADR,Swallowing_problem,9,7,387
Finding,Menopause_present,9,8,387
ADR,Hives,9,3,387
ADR,Increased_lactic_acid_level,9,1,387
ADR,Shoulder_stiff,9,3,387
ADR,Parkinsonian_tremor,9,1,387
ADR,Pain_in_throat,9,5,387
ADR,Photosensitisation_due_to_sun,9,4,387
ADR,Sleep_deprivation,9,3,387
Disease,Hypertension,9,3,387
ADR,Clicking_knee,9,2,387
Drug,Aleve,9,9,387
ADR,Hand_joint_pain,9,3,387
Drug,Lopid,9,6,387
ADR,Symptom_of_ankle,9,2,387
ADR,Pancreatitis,9,4,387
Finding,Stress,9,9,387
Finding,Restless_legs,9,2,387
Finding,Excessive_upper_gastrointestinal_gas,9,4,387
Finding,Type_1_diabetes_mellitus,9,3,387
Disease,Rheumatoid_arthritis,9,5,387
ADR,Pain_in_spine,8,4,425
Finding,Reduced_libido,8,1,425
Finding,Muscle_cramp,8,5,425
ADR,Digestive_symptom,8,3,425
ADR,Swelling_of_hand,8,6,425
Disease,Amyotrophic_lateral_sclerosis,8,6,425
ADR,Mastalgia,8,4,425
ADR,Sweating,8,8,425
ADR,Urinary_incontinence,8,3,425
ADR,Mucosal_numbness,8,2,425
ADR,Abdominal_muscles_tense,8,2,425
ADR,Scalp_itchy,8,3,425
ADR,Unable_to_get_out_of_a_chair,8,1,425
ADR,Abdominal_wind_pain,8,2,425
Finding,Pain,8,8,425
ADR,Blurring_of_visual_image,8,3,425
ADR,Unable_to_move_all_four_limbs,8,1,425
ADR,Decreased_cholesterol_esters,8,3,425
ADR,Neuropathy_of_upper_limb,8,4,425
ADR,Unable_to_lie_down,8,1,425
Symptom,Difficulty_standing_up,8,1,425
ADR,Rectal_haemorrhage,8,4,425
ADR,Gastrointestinal_tract_problem,8,1,425
ADR,Frequent_night_waking,8,1,425
ADR,Increased_appetite,8,4,425
ADR,Hunger_pain,8,4,425
ADR,Heart_disease,8,4,425
ADR,Hyperaemia_of_surface_of_eye,8,2,425
Disease,Increased_cholesterol_esters,8,4,425
Finding,Cerebrovascular_accident,8,7,425
Finding,Bursitis_of_hip,8,2,425
Disease,Bipolar_disorder,8,3,425
ADR,Disorder_of_foot,8,3,425
ADR,Lateral_epicondylitis,8,3,425
Drug,paracetamol_+_codeine,8,3,425
ADR,Respiratory_tract_congestion,7,4,464
Disease,Coronary_arteriosclerosis,7,2,464
ADR,Arthritis,7,3,464
ADR,Arthritis_of_knee,7,3,464
ADR,Hip_stiff,7,5,464
ADR,Arthralgia_of_the_upper_arm,7,5,464
ADR,Decreased_liver_function,7,1,464
Symptom,Inflammatory_disorder,7,7,464
ADR,Myocardial_infarction,7,3,464
ADR,Respiratory_depression,7,1,464
ADR,Myositis,7,3,464
ADR,Irregular_heart_beat,7,3,464
Drug,prednisone,7,6,464
ADR,Reduction_of_bulk_of_muscle,7,2,464
Symptom,Impaired_mobility,7,1,464
ADR,Visual_impairment,7,3,464
ADR,Blind_or_low_vision_-_one_eye_only,7,1,464
ADR,Night_pain,7,1,464
Symptom,Hand_pain,7,3,464
ADR,Nightmares,7,5,464
Symptom,Difficulty_moving_hand,7,1,464
Finding,Amyotrophic_lateral_sclerosis,7,5,464
ADR,Blood_clot_in_eye,7,1,464
ADR,Unable_to_walk_down_stairs,7,1,464
ADR,Yellow_skin,7,3,464
ADR,Urinary_tract_infection,7,2,464
ADR,Middle_insomnia,7,2,464
ADR,Unable_to_speak,7,3,464
Drug,ezetimibe_+_simvastatin,7,7,464
Drug,Lipitor_40_mg_tablet:_film-coated,7,3,464
ADR,Slow_on_legs,7,2,464
Drug,Lipitor_20_mg_tablet:_film-coated,7,3,464
ADR,Increased_creatine_kinase_level,7,3,464
ADR,Glossitis,7,1,464
ADR,Strain_of_calf_muscle,7,2,464
ADR,Difficulty_getting_out_of_a_chair,7,1,464
ADR,Acne,7,1,464
ADR,Burning_epigastric_pain,7,2,464
ADR,Urgent_desire_to_urinate,7,2,464
ADR,Distention_of_blood_vessel,7,1,464
ADR,Gastric_ulcer,7,4,464
ADR,Pain_provoked_by_rest,7,1,464
ADR,Chronic_back_pain,7,2,464
ADR,Infective_cystitis,6,3,517
ADR,Impaired_bed_mobility,6,1,517
ADR,Blood_pressure_alteration,6,1,517
ADR,Pounding_heart,6,1,517
Disease,Plantar_fasciitis,6,3,517
ADR,Chest_discomfort,6,3,517
ADR,Bone_pain,6,3,517
ADR,Unable_to_make_a_fist,6,1,517
ADR,Burning_sensation_of_vagina,6,2,517
ADR,Unable_to_move,6,2,517
ADR,Facial_palsy,6,3,517
Finding,Alzheimer's_disease,6,2,517
Disease,Raised_low_density_lipoprotein_cholesterol,6,3,517
Drug,B_Complex_(Cenovis),6,2,517
ADR,Pruritus_ani,6,3,517
ADR,Shuffling_gait,6,2,517
Drug,Zoloft,6,6,517
ADR,Functional_disorder_of_bladder,6,1,517
ADR,Stomach_problem,6,3,517
ADR,Frequent_defaecation,6,2,517
Drug,atorvastatin,6,5,517
Drug,Norvasc,6,6,517
Symptom,Unable_to_climb_stairs,6,1,517
ADR,Speech_impairment,6,2,517
Drug,Neurontin,6,6,517
ADR,Syncope,6,5,517
ADR,Fever,6,6,517
ADR,Taste_sense_altered,6,3,517
ADR,Feeling_agitated,6,5,517
ADR,Adhesive_capsulitis_of_shoulder,6,3,517
ADR,Shoulder_girdle_weakness,6,5,517
Symptom,Pain_in_thumb,6,2,517
ADR,Feels_everything_is_futile,6,1,517
ADR,Always_hungry,6,3,517
Symptom,Muscle_cramp,6,3,517
ADR,Hepatic_trauma,6,3,517
Drug,paracetamol,6,4,517
ADR,Arthritis_of_hip,6,2,517
ADR,Ulcer_of_oesophagus,6,3,517
Symptom,Increased_cholesterol_esters,6,2,517
ADR,Pain_in_pelvis,6,3,517
ADR,Lumbar_facet_joint_pain,6,2,517
ADR,Difficulty_dressing,6,2,517
Finding,Multiple_sclerosis,6,5,517
Finding,Rupture_of_tendon_of_lower_leg_and_ankle,6,2,517
Disease,Intervertebral_disc_prolapse,6,3,517
Finding,Degenerative_disease_of_the_central_nervous_system,6,3,517
Disease,Influenza,6,5,517
Disease,Cerebrovascular_accident,6,4,517
ADR,Craving_for_food_or_drink,6,5,517
Finding,Kidney_disease,6,6,517
ADR,Not_getting_enough_sleep,6,1,517
ADR,Mild_pain,6,2,517
Finding,Knee_pain,6,2,517
ADR,Diastolic_dysfunction,6,2,517
Disease,Multiple_sclerosis,6,6,517
Finding,Gout,6,6,517
ADR,Congestion_of_throat,6,2,517
ADR,Gastrointestinal_symptom,6,2,517
Finding,Fibromyalgia,6,6,517
ADR,Wrist_joint_pain,6,4,517
Finding,C-reactive_protein_abnormal,6,1,517
ADR,Disorder_of_eye,6,3,517
ADR,Muscle_injury,5,1,588
ADR,Knee_joint_painful_on_movement,5,1,588
ADR,Heavy_feeling_in_eyelids,5,2,588
ADR,Deteriorating_renal_function,5,1,588
Symptom,Pain_in_elbow,5,3,588
ADR,Ankle_joint_pain,5,2,588
ADR,Right_ventricular_dilatation,5,1,588
ADR,Lacks_confidence,5,2,588
Finding,Myalgia/myositis_-_lower_leg,5,3,588
ADR,Warm_hands,5,1,588
ADR,Decreased_muscle_tone,5,1,588
ADR,Decreased_range_of_shoulder_movement,5,1,588
Symptom,Intervertebral_disc_prolapse,5,1,588
ADR,Asthma,5,2,588
Finding,Hepatic_trauma,5,3,588
ADR,Right_upper_quadrant_pain,5,1,588
Finding,Neuroma_of_foot,5,1,588
Disease,Osteoarthritis_of_knee,5,2,588
Symptom,Random_blood_sugar_raised,5,1,588
ADR,Muscle_fasciculation,5,1,588
Drug,amlodipine,5,2,588
ADR,Malaise_and_fatigue,5,1,588
ADR,Swelling_of_lower_limb,5,4,588
ADR,Abdominal_distension,5,1,588
ADR,Disorder_of_joint_of_shoulder_region,5,1,588
ADR,Disorder_of_muscle,5,3,588
ADR,Disorder_of_nasal_sinus,5,1,588
Symptom,Uterus_problem,5,1,588
ADR,Menstrual_spotting,5,4,588
Symptom,Unable_to_move_hand,5,2,588
ADR,Hallucinations,5,3,588
ADR,Mentally_vague,5,4,588
Symptom,Stomach_problem,5,2,588
ADR,Loss_of_sense_of_smell,5,1,588
ADR,Moderate_anxiety,5,2,588
Finding,Joint_laxity,5,2,588
Disease,Carpal_tunnel_syndrome,5,2,588
ADR,Skin_nodule,5,1,588
ADR,Loss_of_confidence,5,1,588
ADR,Sight_deteriorating,5,2,588
Finding,Influenza,5,4,588
ADR,Liver_function_tests_abnormal,5,1,588
Drug,Lipex,5,5,588
ADR,Unable_to_bend_down,5,2,588
ADR,Difficulty_controlling_anger,5,2,588
Finding,Fatigue,5,4,588
ADR,Type_II_diabetes_mellitus_uncontrolled,5,1,588
ADR,Oedema_of_finger,5,1,588
Disease,Lupus_erythematosus,5,5,588
ADR,Iliotibial_band_friction_syndrome,5,1,588
ADR,Propensity_to_adverse_reactions_to_drug,5,1,588
ADR,Nonspecific_abdominal_symptom,5,2,588
ADR,Collapse,5,2,588
Finding,Weakness_of_back,5,3,588
ADR,Chronic_fatigue_syndrome,5,2,588
ADR,Contusion_of_hand,5,1,588
Disease,Osteoarthrosis_of_hand,5,2,588
Finding,Abdominal_pain,5,2,588
Finding,Tear_of_meniscus_of_knee,5,4,588
Finding,Compression_neuropathy_of_trunk,5,1,588
ADR,Choking,5,3,588
ADR,Intolerant_of_cold,5,1,588
ADR,Increased_thirst,5,1,588
ADR,Paraesthesia,5,3,588
Finding,Stomach_cramps,5,1,588
ADR,Crying,5,2,588
ADR,Excessive_day_and_night-time_sleepiness,5,1,588
ADR,Influenza-like_symptoms,5,1,588
Symptom,Heel_pain,5,1,588
ADR,Pain_in_limb,5,2,588
Finding,Diabetes_mellitus,5,5,588
Finding,Rhabdomyolysis,5,5,588
ADR,Fear,5,2,588
ADR,Poor_peripheral_circulation,5,1,588
ADR,Clammy_skin,5,2,588
ADR,Peeling_of_skin,5,1,588
ADR,Pain_in_cheek,5,1,588
ADR,Pain_in_right_arm,5,1,588
ADR,Unable_to_stand_up,5,1,588
Symptom,Cannot_sleep_at_all,4,1,687
Drug,Lipidil,4,3,687
Disease,Major_depressive_disorder,4,2,687
Disease,Arthritis/arthrosis,4,1,687
Symptom,Cervical_arthritis,4,2,687
Drug,pyridoxine,4,2,687
Symptom,Blood_coagulation_disorder,4,1,687
Finding,Stomach_problem,4,2,687
Finding,Weakness_of_limb,4,3,687
ADR,White_discolouration_of_skin,4,1,687
Finding,Bad_circulation_-_vasomotor_change,4,2,687
Symptom,Cramp,4,2,687
Symptom,Vaginal_bleeding,4,1,687
Finding,Viral_upper_respiratory_tract_infection,4,1,687
Finding,Lupus_erythematosus,4,4,687
ADR,Swollen_feet,4,2,687
Finding,Lack_of_libido,4,1,687
Drug,aspirin,4,4,687
Drug,Olmetec,4,1,687
Disease,Rupture_of_muscle,4,1,687
Symptom,Cramp_in_lower_limb,4,1,687
ADR,Traumatic_injury_of_skeletal_muscle,4,2,687
Disease,Tinea_pedis,4,1,687
Symptom,Liver_enzymes_abnormal,4,1,687
Disease,Depression,4,4,687
Finding,Pain_in_toe,4,2,687
ADR,Tongue_swelling,4,2,687
ADR,Traumatic_blister_of_mouth,4,1,687
ADR,Unable_to_feed_self,4,2,687
Disease,Low_back_strain,4,1,687
Symptom,Insomnia,4,1,687
Finding,Rheumatoid_arthritis,4,2,687
Finding,Urine_looks_dark,4,2,687
Symptom,Hand_joint_stiff,4,1,687
Finding,Drinks_wine,4,1,687
Disease,Elevated_cholesterol/high_density_lipoprotein_ratio,4,1,687
ADR,Unable_to_initiate_words,4,1,687
Finding,Nerve_injury,4,2,687
Disease,Steatosis_of_liver,4,2,687
Finding,High_pain_threshold,4,1,687
Drug,glucosamine,4,3,687
ADR,Tightness_in_arm,4,1,687
Disease,Infectious_disease_of_lung,4,1,687
Symptom,Low_blood_pressure_reading,4,1,687
Finding,Infective_cystitis,4,2,687
ADR,Thoughts_of_self_harm,4,1,687
Drug,Diovan,4,4,687
Disease,Sj√∂gren's_syndrome,4,1,687
Symptom,Pain_in_forearm,4,1,687
Finding,Rupture_of_tendon,4,1,687
ADR,Tendonitis_of_knee,4,1,687
Disease,Sinusitis,4,2,687
Finding,Facial_swelling,4,1,687
Symptom,Chronic_pain,4,2,687
Symptom,Wrist_joint_pain,4,1,687
ADR,Cut_of_hand,4,1,687
ADR,Cold_feet,4,1,687
ADR,Loss_of_voice,4,1,687
ADR,Chronic_intractable_pain,4,1,687
ADR,Low_blood_pressure_reading,4,4,687
ADR,Cardiomyopathy,4,1,687
ADR,Cardiac_arrhythmia,4,3,687
ADR,Menstrual_loss_increasing,4,1,687
ADR,Buzzing_in_ear,4,1,687
ADR,Mild_depression,4,2,687
ADR,Morbid_thoughts,4,1,687
ADR,Musculoskeletal_pain,4,1,687
ADR,Nasal_congestion,4,2,687
ADR,Neuralgia,4,2,687
ADR,Night_sweats,4,2,687
ADR,Pain_in_buttock,4,2,687
ADR,Pain_of_uterus,4,1,687
ADR,Pale_complexion,4,1,687
ADR,Parkinson's_disease,4,2,687
ADR,Bad_taste_in_mouth,4,1,687
ADR,Pressure,4,1,687
ADR,Problem_of_visual_accommodation,4,1,687
ADR,Productive_cough,4,2,687
ADR,Lip_swelling,4,1,687
ADR,Cold_foot,4,1,687
ADR,Aphthous_ulcer,4,2,687
ADR,Constantly_crying,4,1,687
ADR,Falls,4,3,687
ADR,Facial_spasm,4,2,687
ADR,Eye_pain,4,2,687
ADR,Extreme_exhaustion,4,2,687
ADR,Erythema,4,4,687
ADR,Elbow_stiff,4,4,687
ADR,Furuncle,4,1,687
ADR,General_unsteadiness,4,2,687
ADR,Dyssomnia,4,2,687
ADR,Disturbance_in_physical_behaviour,4,2,687
ADR,Disorder_of_face,4,1,687
ADR,Disorder_of_cardiac_function,4,1,687
ADR,Hungry,4,3,687
ADR,Difficulty_writing,4,1,687
ADR,Impairment_level_of_vision,4,1,687
ADR,Deep_bruising,4,2,687
ADR,Decreased_venous_pressure,4,1,687
ADR,Injury_of_muscle,4,2,687
ADR,Injury_of_nervous_system,4,2,687
ADR,Cramp,4,3,687
ADR,Contusion,4,4,687
ADR,Prolonged_periods,4,1,687
ADR,Fear_of_falling,4,1,687
ADR,Allergic_reaction,4,2,687
ADR,Rhinitis,4,2,687
ADR,Abdominal_swelling,4,3,687
ADR,Serum_cholesterol_raised,4,1,687
ADR,Rheumatoid_arthritis,4,2,687
ADR,Spots_on_skin,4,1,687
ADR,Sense_of_smell_impaired,4,2,687
ADR,Amyotrophic_lateral_sclerosis,4,4,687
ADR,Absent_minded,4,2,687
ADR,Sacroiliac_joint_stiff,4,2,687
ADR,Skin_tenderness,4,1,687
ADR,Sudden_visual_loss,4,1,687
ADR,Shin_splint,4,1,687
ADR,Shoulder_tendonitis,4,2,687
ADR,Dehydration,3,3,829
Finding,Musculoskeletal_pain,3,1,829
Disease,Type_2_diabetes_mellitus,3,1,829
Disease,Tendonitis,3,3,829
ADR,Difficulty_riding_a_bicycle,3,1,829
ADR,Immunosuppression,3,1,829
Disease,Urinary_tract_infection,3,1,829
ADR,Ulceration_of_colon,3,2,829
ADR,Hypomenorrhoea,3,1,829
ADR,Hyperactive_bowel_sounds,3,2,829
ADR,Hyperactive_behaviour,3,2,829
ADR,Impatient_character,3,2,829
ADR,Hot_sweats,3,3,829
Finding,Muscle_atrophy,3,1,829
Finding,Mentally_dull,3,1,829
ADR,Abnormal_liver_function,3,1,829
Finding,Loss_of_appetite,3,1,829
Finding,Liver_enzymes_abnormal,3,1,829
ADR,Disorder_of_extremity,3,1,829
ADR,Temporal_lobe_epilepsy,3,1,829
ADR,Increased_albumin,3,2,829
Disease,Shoulder_tendonitis,3,1,829
Disease,Osteoarthritis,3,3,829
Disease,Low_back_pain,3,1,829
ADR,Daily_headache,3,1,829
Disease,Lumbar_arthritis,3,1,829
Finding,Repetitive_strain_injury,3,1,829
ADR,Intolerant_of_heat,3,1,829
ADR,Dark_stools,3,1,829
Disease,Migraine,3,3,829
ADR,Decrease_in_appetite,3,1,829
Finding,Parvovirus_infection,3,1,829
Finding,Parkinson's_disease,3,1,829
ADR,Severe_visual_impairment,3,1,829
ADR,Abnormal_weight_gain,3,1,829
ADR,Impending_shock,3,1,829
ADR,Abnormal_muscle_function,3,1,829
Symptom,Swelling,3,3,829
Finding,Overweight,3,2,829
Finding,Numbness,3,1,829
ADR,Anxiety_attack,3,1,829
ADR,Degeneration_of_intervertebral_disc,3,1,829
Disease,Post_traumatic_osteoarthritis,3,1,829
ADR,Degenerative_disease_of_the_central_nervous_system,3,2,829
ADR,Degenerative_disorder_of_muscle,3,1,829
Disease,Restless_legs,3,1,829
Disease,Rotator_cuff_syndrome,3,1,829
Drug,Lexapro,3,3,829
ADR,Disorder_of_nervous_system,3,1,829
ADR,Heart_valve_regurgitation,3,1,829
Finding,Carpal_tunnel_syndrome,3,1,829
Drug,cyanocobalamin,3,1,829
ADR,Foot_eczema,3,2,829
Drug,diclofenac_+_misoprostol,3,2,829
Finding,Difficulty_sleeping,3,1,829
ADR,Epigastric_discomfort,3,1,829
Finding,Cramp_in_lower_limb,3,2,829
Finding,Coronary_arteriosclerosis,3,1,829
Drug,fenofibrate_145_mg_tablet,3,1,829
Finding,Common_cold,3,2,829
Finding,Chronic_pain,3,1,829
ADR,Erectile_dysfunction,3,2,829
ADR,Excessive_weight_loss,3,1,829
ADR,Abnormal_large_bowel_motility,3,1,829
Finding,Autoimmune_disease,3,1,829
Drug,metoprolol,3,3,829
Drug,misoprostol,3,3,829
Drug,morphine,3,3,829
Finding,Asthenia,3,2,829
ADR,Swelling_of_upper_limb,3,1,829
ADR,Eye_strain,3,2,829
Drug,potassium,3,3,829
Drug,pravastatin,3,3,829
Finding,Acute_renal_failure,3,1,829
Drug,soy_lecithin,3,2,829
ADR,Foot_joint_stiff,3,2,829
Drug,codeine,3,3,829
ADR,Heart_failure,3,1,829
Finding,Headache,3,3,829
ADR,Contracture_of_tendon_of_ankle_region,3,1,829
ADR,Has_delayed_recall,3,1,829
ADR,Hand_eczema,3,2,829
Drug,Mobic,3,3,829
Finding,Joint_stiffness,3,1,829
Finding,Influenza-like_illness,3,1,829
ADR,Disorder_of_vision,3,1,829
ADR,Sleep_pattern_disturbance,3,1,829
ADR,Glossopyrosis,3,1,829
ADR,Diverticulitis,3,1,829
ADR,Dropped_beats_-_heart,3,1,829
ADR,Dysfunctional_uterine_bleeding,3,1,829
Finding,Excruciating_pain,3,1,829
Finding,Generalised_aches_and_pains,3,1,829
Finding,Gallbladder_disorder,3,1,829
ADR,Dysmenorrhoea,3,1,829
Drug,Voltaren_Rapid_25_mg_tablet:_sugar-coated,3,1,829
Finding,Feeling_content,3,1,829
ADR,Generalised_pruritus,3,1,829
Finding,Fear,3,1,829
ADR,Gallbladder_disorder,3,1,829
ADR,Stevens-Johnson_syndrome,3,1,829
ADR,Fragile_self-esteem,3,1,829
ADR,Eczema,3,3,829
ADR,Tendonitis_of_foot,3,1,829
ADR,Infection,3,2,829
ADR,Ankle_stiff,3,2,829
Disease,Chronic_fatigue_syndrome,3,1,829
ADR,Orchidodynia,3,1,829
ADR,Burping,3,2,829
Symptom,Pain_in_upper_limb,3,2,829
Finding,Vomiting,3,3,829
ADR,Poor_muscle_tone,3,1,829
ADR,Loss_of_equilibrium,3,1,829
ADR,Clumsiness,3,3,829
Finding,Toe_swelling,3,1,829
Finding,Ulcer,3,3,829
ADR,Bumping_heart,3,1,829
Disease,Decreased_progesterone_level,3,1,829
ADR,Weakness_of_neck,3,2,829
ADR,Irregular_heart_rate,3,1,829
ADR,Arthropathy_of_knee_joint,3,1,829
ADR,Polymenorrhoea,3,1,829
ADR,Bursitis,3,3,829
ADR,Osteoarthritis,3,1,829
ADR,Low_motivation,3,2,829
ADR,Unable_to_run,3,1,829
ADR,Unable_to_sit,3,2,829
ADR,Rupture_tendon_thigh,3,1,829
Symptom,Agony,3,3,829
Symptom,Increased_creatine_kinase_level,3,1,829
ADR,Blackout,3,2,829
ADR,Sciatica,3,2,829
ADR,Wrist_stiff,3,2,829
ADR,Paralysis,3,3,829
ADR,Blepharospasm,3,1,829
ADR,Paraesthesia_of_upper_limb,3,2,829
ADR,Transient_ischaemic_attack,3,1,829
ADR,Pain_in_forearm,3,2,829
ADR,Morning_stiffness_-_joint,3,1,829
ADR,Upper_respiratory_tract_infection,3,1,829
ADR,Multiple_sclerosis,3,2,829
ADR,Watery_eye,3,2,829
ADR,Isolated_memory_skills,3,1,829
ADR,Reduced_concentration,3,1,829
ADR,Rapid_shallow_breathing,3,1,829
ADR,Unable_to_control_anger,3,1,829
Symptom,Generalised_aches_and_pains,3,1,829
Finding,Spasm,3,2,829
ADR,Vaginospasm,3,1,829
ADR,Irritability_and_anger,3,1,829
Disease,Gout,3,3,829
Disease,Injury_of_tendon_of_the_rotator_cuff_of_shoulder,3,1,829
ADR,Blister,3,3,829
Symptom,Finding_of_increased_blood_pressure,3,1,829
ADR,Arthritis_of_shoulder_region_joint,3,1,829
ADR,Joint_injury,3,1,829
Disease,Excessive_upper_gastrointestinal_gas,3,3,829
Disease,Insomnia,3,3,829
Disease,Endometriosis,3,3,829
ADR,Joint_pain,3,1,829
ADR,Aggression,3,3,829
ADR,Proximal_interphalangeal_joint_of_finger_pain,3,2,829
ADR,Reflux,3,3,829
ADR,Oedema_of_hand,3,2,829
ADR,Type_2_diabetes_mellitus,3,1,829
ADR,Transient_global_amnesia,3,1,829
ADR,Easy_bruising,2,1,1039
ADR,Bowel_dysfunction,2,1,1039
ADR,Breast_tenderness,2,1,1039
Finding,Gingival_oedema,2,1,1039
ADR,Elbow_joint_swelling,2,2,1039
ADR,Blocked_ears,2,1,1039
Symptom,Unable_to_concentrate,2,1,1039
Finding,Fever,2,2,1039
Finding,Feels_hot,2,1,1039
Symptom,Heartburn,2,1,1039
ADR,Abrasion_of_eye_region,2,2,1039
Finding,Cholestatic_jaundice_syndrome,2,1,1039
Finding,Encephalopathy,2,1,1039
Symptom,Pain_in_lower_limb,2,1,1039
Drug,vitamin_A,2,2,1039
ADR,Abdominal_discomfort,2,2,1039
Finding,Abnormal_vision,2,1,1039
Finding,Acid_reflux,2,1,1039
Symptom,Limping,2,2,1039
Finding,Amnesia,2,1,1039
Symptom,Labour_pain,2,1,1039
Finding,Angina,2,1,1039
Finding,Anxiety,2,1,1039
Finding,Aortic_aneurysm,2,1,1039
ADR,Abdominal_pressure,2,1,1039
ADR,Excitement,2,1,1039
Symptom,Lupus_erythematosus,2,1,1039
Symptom,Menopause_present,2,2,1039
Finding,Asthma,2,2,1039
Finding,Bursitis,2,2,1039
ADR,Excessive_appetite,2,1,1039
Symptom,Knee_joint_inflamed,2,2,1039
ADR,Eruption,2,1,1039
Symptom,Jaw_pain,2,1,1039
Finding,Chest_pain,2,1,1039
Finding,Heartburn,2,1,1039
Finding,Coma,2,2,1039
Symptom,Myalgia,2,1,1039
ADR,Basic_learning_problem,2,1,1039
ADR,Anger_reaction,2,1,1039
Finding,Diplopia,2,1,1039
Symptom,Immobile,2,1,1039
ADR,Bleeding_from_nose,2,1,1039
ADR,Dry_hair,2,2,1039
Finding,Joint_swelling,2,1,1039
Finding,Hepatic_failure,2,1,1039
Finding,Necrosis_of_anatomical_site,2,1,1039
Finding,Night_sweats,2,1,1039
Finding,Tendonitis,2,2,1039
Finding,Neuropathy,2,2,1039
Finding,Neurological_symptom,2,1,1039
Finding,Trigeminal_neuralgia,2,1,1039
ADR,Cold_extremities,2,1,1039
Finding,Neck_pain,2,1,1039
Finding,Subdural_haematoma,2,1,1039
ADR,Cluster_headache,2,1,1039
Finding,Nausea,2,2,1039
ADR,Chronic_rhinitis,2,1,1039
Finding,Myositis,2,1,1039
ADR,Depressed_mood,2,1,1039
ADR,Derangement_of_meniscus,2,1,1039
Finding,Tenalgia,2,2,1039
Finding,Pain_in_throat,2,1,1039
ADR,Cerebrovascular_accident,2,2,1039
Finding,Rash,2,1,1039
Finding,Rupture_of_anterior_cruciate_ligament,2,2,1039
Drug,tramadol,2,2,1039
Finding,Renal_injury,2,2,1039
ADR,Congestion_of_nasal_sinus,2,1,1039
Finding,Renal_failure,2,1,1039
Finding,Sinusitis,2,1,1039
Finding,Poor_peripheral_circulation,2,1,1039
Finding,Stress_overload,2,1,1039
Finding,Polyarthritis_associated_with_another_disorder,2,1,1039
Finding,Skin_irritation,2,1,1039
ADR,Colitis,2,2,1039
ADR,Cold_hands,2,1,1039
Finding,Panic_attack,2,1,1039
ADR,Decreased_testosterone_level,2,2,1039
ADR,Chronic_diarrhoea,2,1,1039
ADR,Alopecia,2,2,1039
Symptom,Pain_in_pelvis,2,1,1039
Symptom,Pain_in_spine,2,1,1039
Symptom,Constant_pain,2,1,1039
Symptom,Pain_in_the_coccyx,2,1,1039
Symptom,Cramping_pain,2,1,1039
ADR,Disorder_of_skin,2,1,1039
Finding,Irregular_bowel_habits,2,1,1039
Finding,Intracranial_aneurysm,2,1,1039
ADR,Bronchitis,2,2,1039
ADR,C-reactive_protein_abnormal,2,2,1039
Finding,Increased_lipid,2,1,1039
ADR,Disturbance_in_speech_rhythm,2,1,1039
Finding,Impaired_cognition,2,1,1039
Finding,Hypersomnia,2,1,1039
Symptom,Disorder_of_back,2,1,1039
Finding,Hip_pain,2,1,1039
Symptom,Charleyhorse,2,1,1039
ADR,Disorder_of_back,2,1,1039
Symptom,Abdominal_pain,2,1,1039
Finding,Migraine,2,2,1039
Symptom,Acid_reflux,2,1,1039
Finding,Muscle_twitch,2,1,1039
Finding,Muscle_fatigue,2,1,1039
ADR,Carpal_tunnel_syndrome,2,1,1039
Symptom,Bone_pain,2,2,1039
Symptom,Pain_in_throat,2,1,1039
ADR,C/O_-_feeling_depressed,2,2,1039
Finding,Lyme_disease,2,1,1039
Finding,Menstrual_cramp,2,1,1039
Finding,Malignant_tumour_of_prostate,2,1,1039
Finding,Malignant_neoplastic_disease,2,2,1039
Finding,Malignant_neoplasm_of_brain,2,1,1039
Finding,Malignant_neoplasm_of_bone,2,1,1039
Finding,Male_climacteric,2,1,1039
ADR,Swelling_of_body_region,2,2,1039
ADR,Fibromyalgia,2,2,1039
Disease,Pain_in_throat,2,1,1039
Disease,Hypochondriasis,2,2,1039
Disease,Malignant_tumour_of_colon,2,1,1039
Disease,Lyme_disease,2,1,1039
ADR,Intraocular_haemorrhage,2,1,1039
ADR,Involuntary_movement,2,1,1039
Disease,Loss_of_hair,2,1,1039
Disease,Irritable_bowel_syndrome,2,2,1039
Disease,Intracranial_tumour,2,1,1039
Disease,Intra-abdominal_haematoma,2,1,1039
ADR,Irritable_bowel_syndrome,2,1,1039
Disease,Hypothyroidism,2,2,1039
ADR,Jaundice,2,2,1039
ADR,Malignant_neoplastic_disease,2,2,1039
ADR,Jaw_pain,2,2,1039
Disease,Hammer_toe,2,1,1039
Disease,Gastric_ulcer,2,1,1039
ADR,Joint_tenderness,2,1,1039
Disease,Dental_caries,2,1,1039
Disease,Degeneration_of_intervertebral_disc,2,1,1039
ADR,Language_difficulty,2,1,1039
Disease,Cardiovascular_disease,2,1,1039
Disease,Calcaneal_spur,2,1,1039
Disease,Bursitis,2,1,1039
Disease,Malignant_tumour_of_spleen,2,1,1039
Disease,Mental_disorder,2,1,1039
Disease,Metabolic_syndrome_X,2,1,1039
Disease,Mild_cognitive_disorder,2,1,1039
Drug,Celebrex_200_mg_capsule:_hard,2,1,1039
ADR,Herpes_zoster,2,2,1039
Drug,Andrews_Tums_Antacid,2,2,1039
Disease,Visual_disturbance,2,1,1039
Disease,Ulcerative_colitis,2,1,1039
Disease,Trigeminal_neuralgia,2,1,1039
Disease,Thyroid_disease,2,1,1039
Disease,Tear_of_meniscus_of_knee,2,1,1039
Disease,Sciatica,2,2,1039
ADR,Increased_belching,2,1,1039
Disease,Renal_failure,2,1,1039
Disease,Renal_calculus,2,1,1039
ADR,Increased_pressure,2,2,1039
Disease,Polymyositis,2,2,1039
ADR,Inflammation_of_ligament,2,2,1039
ADR,Feeling_agitated_232_249,2,1,1039
Disease,Overweight,2,1,1039
ADR,Inflammatory_disorder,2,2,1039
Disease,Neuropathy,2,2,1039
Disease,Nerve_injury,2,1,1039
ADR,Intermittent_pain,2,1,1039
Disease,Asthma,2,2,1039
Disease,Alzheimer's_disease,2,2,1039
Drug,Cymbalta,2,2,1039
ADR,Tires_quickly,2,1,1039
ADR,Ulceration_of_gingivae,2,1,1039
ADR,Renal_injury,2,2,1039
ADR,Respiratory_failure,2,1,1039
ADR,Tunnel_vision,2,1,1039
ADR,Restlessness,2,2,1039
ADR,Trembles,2,2,1039
ADR,Retching,2,1,1039
ADR,Rhabdomyolysis,2,2,1039
ADR,Transient_memory_loss,2,1,1039
ADR,Toothache,2,2,1039
ADR,Rupture_of_tendon,2,2,1039
Disease,Adhesive_capsulitis_of_shoulder,2,1,1039
ADR,Scleral_icterus,2,2,1039
ADR,Sedated,2,2,1039
ADR,Throbbing_headache,2,1,1039
ADR,Severe_dehydration,2,1,1039
ADR,Severe_vertigo,2,1,1039
ADR,Sexual_dysfunction,2,1,1039
ADR,Tendon_contracture,2,1,1039
ADR,Tenderness_of_upper_limb,2,2,1039
ADR,Sinus_pain,2,1,1039
ADR,Swelling_of_wrist_joint,2,2,1039
ADR,Reduced_visual_acuity,2,1,1039
ADR,Raised_serum_calcium_level,2,1,1039
ADR,Premenstrual_tension_syndrome,2,1,1039
ADR,Poor_self-image,2,1,1039
Disease,Acute_gastritis,2,1,1039
Disease,Abnormal_blood_pressure,2,1,1039
ADR,Mental_distress,2,1,1039
ADR,Worried,2,1,1039
ADR,Mentally_alert,2,1,1039
ADR,Moderate_pain,2,1,1039
ADR,Mood_disorder,2,1,1039
ADR,Nasal_discharge,2,1,1039
ADR,Visual_field_scotoma,2,1,1039
ADR,Vibration_sensation_present,2,1,1039
ADR,Nocturnal_enuresis,2,1,1039
ADR,Noise_intolerance,2,1,1039
ADR,Obsessive-compulsive_disorder,2,1,1039
ADR,Oedema,2,2,1039
ADR,Ophthalmic_migraine,2,1,1039
ADR,Otalgia,2,1,1039
ADR,Uncontrollable_vomiting,2,1,1039
ADR,Palpitations_-_rapid,2,1,1039
ADR,Periorbital_oedema,2,1,1039
ADR,Phlebitis,2,2,1039
ADR,Poor_balance,2,1,1039
ADR,Hepatomegaly,2,1,1039
ADR,Skin_irritation,2,1,1039
Drug,naproxen,2,1,1039
Drug,ibuprofen_5%_gel,2,1,1039
Drug,olive_oil,2,1,1039
Drug,oestradiol,2,2,1039
ADR,Hammer_toe,2,1,1039
Drug,Voltaren_Rapid,2,1,1039
Drug,Nexium,2,2,1039
ADR,Haemorrhoids,2,2,1039
Drug,magnesium,2,2,1039
Drug,Noten,2,2,1039
Drug,Voltaren_Emulgel,2,1,1039
Drug,Zestril,2,2,1039
ADR,Gingivitis,2,1,1039
ADR,Gland_symptom,2,2,1039
ADR,Flank_pain,2,1,1039
Drug,Toprol-XL,2,2,1039
Drug,Testosterone,2,2,1039
ADR,Finger_joint_locking,2,1,1039
ADR,Sweating_problem,2,1,1039
Drug,gemfibrozil,2,2,1039
ADR,Feeling_intoxicated,2,2,1039
ADR,Feels_hot,2,1,1039
ADR,Heat_stroke,2,1,1039
ADR,Feeling_bad,2,1,1039
ADR,Gastric_ulcer_with_perforation,2,1,1039
Drug,rabeprazole,2,2,1039
Drug,Enbrel,2,1,1039
ADR,Gingival_disease,2,1,1039
Drug,pethidine,2,2,1039
Drug,Fosamax,2,1,1039
Drug,paracetamol_+_ibuprofen,2,1,1039
ADR,Hepatic_failure,2,1,1039
Drug,codeine_+_ibuprofen,2,1,1039
ADR,Feeling_high,2,1,1039
Drug,Lasix,2,2,1039
Symptom,Gout,1,1,1233
Drug,clonidine,1,1,1233
Symptom,Contusion,1,1,1233
Drug,capsaicin,1,1,1233
Symptom,Headache,1,1,1233
Finding,Dementia,1,1,1233
Drug,caffeine,1,1,1233
Finding,Dizziness,1,1,1233
Finding,Disorder_of_muscle,1,1,1233
Finding,Depression,1,1,1233
ADR,Emotional_upset,1,1,1233
Symptom,Dyspnoea,1,1,1233
Finding,Disability,1,1,1233
Symptom,Dysmenorrhoea,1,1,1233
ADR,Nervousness,1,1,1233
Symptom,Discomfort,1,1,1233
Symptom,Disability,1,1,1233
Drug,enalapril,1,1,1233
ADR,Epistaxis,1,1,1233
Drug,dextropropoxyphene_+_paracetamol,1,1,1233
ADR,Wheezing,1,1,1233
Drug,Deseril,1,1,1233
ADR,Bacterial_sepsis,1,1,1233
Symptom,Illness,1,1,1233
Drug,pseudoephedrine,1,1,1233
ADR,Anaemia,1,1,1233
Drug,omeprazole,1,1,1233
ADR,Feeling_hopeless,1,1,1233
ADR,Scab_of_skin,1,1,1233
ADR,Sensitivity,1,1,1233
Finding,Allergic_condition,1,1,1233
ADR,Feeling_angry,1,1,1233
Drug,meloxicam,1,1,1233
Drug,ramipril,1,1,1233
ADR,Stammering,1,1,1233
ADR,Stress,1,1,1233
ADR,Stumbling_gait,1,1,1233
Drug,zinc,1,1,1233
ADR,Suicidal,1,1,1233
Drug,methylprednisolone,1,1,1233
Symptom,Miscarriage,1,1,1233
Drug,glibenclamide,1,1,1233
Drug,bisoprolol,1,1,1233
Drug,glipizide,1,1,1233
ADR,Bed-ridden,1,1,1233
ADR,Peritonitis,1,1,1233
Symptom,Infection,1,1,1233
ADR,Feeling_nervous,1,1,1233
ADR,Photosensitivity,1,1,1233
Drug,hydrochlorothiazide,1,1,1233
Drug,melatonin,1,1,1233
ADR,Feeling_lonely,1,1,1233
ADR,Psychotic_disorder,1,1,1233
Drug,lisinopril,1,1,1233
Drug,lysine,1,1,1233
Finding,Bronchitis,1,1,1233
Finding,Blurred_vision_-_hazy,1,1,1233
Disease,Allergic_condition,1,1,1233
Disease,Bronchitis,1,1,1233
ADR,Menopause_present,1,1,1233
Disease,Rhabdomyolysis,1,1,1233
Finding,Neuralgia,1,1,1233
Drug,Maxalt,1,1,1233
Finding,Neuroma,1,1,1233
Disease,Reflux,1,1,1233
Drug,Naprosyn,1,1,1233
ADR,Disorder_of_tendon,1,1,1233
Disease,Pneumonia,1,1,1233
Drug,Nasonex_Aqueous,1,1,1233
Disease,Pain,1,1,1233
Finding,Insomnia,1,1,1233
Finding,Inflammatory_disorder,1,1,1233
Disease,Motor_neurone_disease,1,1,1233
Finding,Infection,1,1,1233
Finding,Pneumonia,1,1,1233
Finding,Indigestion,1,1,1233
Drug,Lyrica,1,1,1233
ADR,Hearing_loss,1,1,1233
Disease,Anaemia,1,1,1233
Drug,Lescol,1,1,1233
Drug,Efexor-XR,1,1,1233
ADR,Dislocation_of_joint,1,1,1233
Drug,Cozaar,1,1,1233
Finding,Malaria,1,1,1233
Finding,Metatarsalgia,1,1,1233
Finding,Malaise,1,1,1233
Finding,Miscarriage,1,1,1233
ADR,Disability,1,1,1233
Drug,Capoten,1,1,1233
Drug,Avandia,1,1,1233
Drug,Atacand,1,1,1233
Drug,Epipen_Auto-Injector,1,1,1233
Drug,Ezetrol,1,1,1233
ADR,Ill-at-ease,1,1,1233
ADR,Dementia,1,1,1233
Finding,Polyneuropathy,1,1,1233
ADR,Goitre,1,1,1233
Drug,Oxycontin,1,1,1233
Drug,Panadeine,1,1,1233
Disease,Eczema,1,1,1233
Disease,Diverticulitis,1,1,1233
Finding,Transient_ischaemic_attack,1,1,1233
ADR,Labyrinthitis,1,1,1233
ADR,Dysphagia,1,1,1233
Drug,Xanax,1,1,1233
Drug,Zantac,1,1,1233
Disease,Colitis,1,1,1233
Finding,Feeling_irritable,1,1,1233
Disease,Bunion,1,1,1233
ADR,Lupus_erythematosus,1,1,1233
Drug,atenolol,1,1,1233
Symptom,Anxiety,1,1,1233
ADR,Cataract,1,1,1233
Symptom,Arthritis,1,1,1233
Disease,Ehlers-Danlos_syndrome,1,1,1233
Disease,Endometriosis_of_uterus,1,1,1233
Disease,Headache,1,1,1233
ADR,Crying_associated_with_mood,1,1,1233
Finding,Reflux,1,1,1233
Disease,Malignant_neoplastic_disease,1,1,1233
Finding,Hypochondriasis,1,1,1233
Drug,Plavix,1,1,1233
Disease,Low_blood_pressure_reading,1,1,1233
Drug,Premarin,1,1,1233
Drug,Prinivil,1,1,1233
Disease,Hypercholesterolaemia,1,1,1233
Finding,Herpes_zoster,1,1,1233
Drug,Rhinocort_Aqueous,1,1,1233
Finding,Senility,1,1,1233
Drug,Seroquel,1,1,1233
Drug,Solaraze,1,1,1233
Drug,Tagamet,1,1,1233
Drug,testosterone,1,1,1233
